Method,Job,AnalyzeLaunchVariance,EvaluateOverhead,MaxAbsoluteError,MaxRelativeError,MinInvokeCount,MinIterationTime,OutlierMode,Affinity,EnvironmentVariables,Jit,LargeAddressAware,Platform,PowerPlanMode,Runtime,AllowVeryLargeObjects,Concurrent,CpuGroups,Force,HeapAffinitizeMask,HeapCount,NoAffinitize,RetainVm,Server,Arguments,BuildConfiguration,Clock,EngineFactory,NuGetReferences,Toolchain,IsMutator,InvocationCount,IterationCount,IterationTime,LaunchCount,MaxIterationCount,MaxWarmupIterationCount,MemoryRandomization,MinIterationCount,MinWarmupIterationCount,RunStrategy,UnrollFactor,WarmupCount,N,Mean,Error,StdDev,Ratio,Allocated,Alloc Ratio
Dictionary_Lookup,DefaultJob,False,Default,Default,Default,Default,Default,Default,0000000000000000,Empty,RyuJit,Default,Arm64,8c5e7fda-e8bf-4a96-9a85-a6e23a8c635c,.NET 10.0,False,True,False,True,Default,Default,False,False,False,Default,Default,Default,Default,Default,Default,Default,Default,Default,Default,Default,Default,Default,Default,Default,Default,Default,16,Default,256,324.9 ns,2.12 ns,1.99 ns,1.00,0 B,NA
Swiss_Lookup,DefaultJob,False,Default,Default,Default,Default,Default,Default,0000000000000000,Empty,RyuJit,Default,Arm64,8c5e7fda-e8bf-4a96-9a85-a6e23a8c635c,.NET 10.0,False,True,False,True,Default,Default,False,False,False,Default,Default,Default,Default,Default,Default,Default,Default,Default,Default,Default,Default,Default,Default,Default,Default,Default,16,Default,256,303.8 ns,1.69 ns,1.58 ns,0.94,0 B,NA
Linear_Lookup,DefaultJob,False,Default,Default,Default,Default,Default,Default,0000000000000000,Empty,RyuJit,Default,Arm64,8c5e7fda-e8bf-4a96-9a85-a6e23a8c635c,.NET 10.0,False,True,False,True,Default,Default,False,False,False,Default,Default,Default,Default,Default,Default,Default,Default,Default,Default,Default,Default,Default,Default,Default,Default,Default,16,Default,256,203.0 ns,1.31 ns,1.22 ns,0.62,0 B,NA
RobinHood_Lookup,DefaultJob,False,Default,Default,Default,Default,Default,Default,0000000000000000,Empty,RyuJit,Default,Arm64,8c5e7fda-e8bf-4a96-9a85-a6e23a8c635c,.NET 10.0,False,True,False,True,Default,Default,False,False,False,Default,Default,Default,Default,Default,Default,Default,Default,Default,Default,Default,Default,Default,Default,Default,Default,Default,16,Default,256,191.0 ns,0.94 ns,0.83 ns,0.59,0 B,NA
Chained_Lookup,DefaultJob,False,Default,Default,Default,Default,Default,Default,0000000000000000,Empty,RyuJit,Default,Arm64,8c5e7fda-e8bf-4a96-9a85-a6e23a8c635c,.NET 10.0,False,True,False,True,Default,Default,False,False,False,Default,Default,Default,Default,Default,Default,Default,Default,Default,Default,Default,Default,Default,Default,Default,Default,Default,16,Default,256,212.7 ns,1.11 ns,1.04 ns,0.65,0 B,NA
Dictionary_Lookup,DefaultJob,False,Default,Default,Default,Default,Default,Default,0000000000000000,Empty,RyuJit,Default,Arm64,8c5e7fda-e8bf-4a96-9a85-a6e23a8c635c,.NET 10.0,False,True,False,True,Default,Default,False,False,False,Default,Default,Default,Default,Default,Default,Default,Default,Default,Default,Default,Default,Default,Default,Default,Default,Default,16,Default,4096,"4,967.7 ns",40.21 ns,35.64 ns,1.00,0 B,NA
Swiss_Lookup,DefaultJob,False,Default,Default,Default,Default,Default,Default,0000000000000000,Empty,RyuJit,Default,Arm64,8c5e7fda-e8bf-4a96-9a85-a6e23a8c635c,.NET 10.0,False,True,False,True,Default,Default,False,False,False,Default,Default,Default,Default,Default,Default,Default,Default,Default,Default,Default,Default,Default,Default,Default,Default,Default,16,Default,4096,"4,740.5 ns",42.63 ns,39.87 ns,0.95,0 B,NA
Linear_Lookup,DefaultJob,False,Default,Default,Default,Default,Default,Default,0000000000000000,Empty,RyuJit,Default,Arm64,8c5e7fda-e8bf-4a96-9a85-a6e23a8c635c,.NET 10.0,False,True,False,True,Default,Default,False,False,False,Default,Default,Default,Default,Default,Default,Default,Default,Default,Default,Default,Default,Default,Default,Default,Default,Default,16,Default,4096,"3,202.3 ns",11.37 ns,10.64 ns,0.64,0 B,NA
RobinHood_Lookup,DefaultJob,False,Default,Default,Default,Default,Default,Default,0000000000000000,Empty,RyuJit,Default,Arm64,8c5e7fda-e8bf-4a96-9a85-a6e23a8c635c,.NET 10.0,False,True,False,True,Default,Default,False,False,False,Default,Default,Default,Default,Default,Default,Default,Default,Default,Default,Default,Default,Default,Default,Default,Default,Default,16,Default,4096,"3,058.3 ns",12.99 ns,12.15 ns,0.62,0 B,NA
Chained_Lookup,DefaultJob,False,Default,Default,Default,Default,Default,Default,0000000000000000,Empty,RyuJit,Default,Arm64,8c5e7fda-e8bf-4a96-9a85-a6e23a8c635c,.NET 10.0,False,True,False,True,Default,Default,False,False,False,Default,Default,Default,Default,Default,Default,Default,Default,Default,Default,Default,Default,Default,Default,Default,Default,Default,16,Default,4096,"3,388.9 ns",18.27 ns,16.19 ns,0.68,0 B,NA
Dictionary_Lookup,DefaultJob,False,Default,Default,Default,Default,Default,Default,0000000000000000,Empty,RyuJit,Default,Arm64,8c5e7fda-e8bf-4a96-9a85-a6e23a8c635c,.NET 10.0,False,True,False,True,Default,Default,False,False,False,Default,Default,Default,Default,Default,Default,Default,Default,Default,Default,Default,Default,Default,Default,Default,Default,Default,16,Default,65536,"80,369.9 ns",475.66 ns,421.66 ns,1.00,0 B,NA
Swiss_Lookup,DefaultJob,False,Default,Default,Default,Default,Default,Default,0000000000000000,Empty,RyuJit,Default,Arm64,8c5e7fda-e8bf-4a96-9a85-a6e23a8c635c,.NET 10.0,False,True,False,True,Default,Default,False,False,False,Default,Default,Default,Default,Default,Default,Default,Default,Default,Default,Default,Default,Default,Default,Default,Default,Default,16,Default,65536,"76,884.3 ns",359.14 ns,299.90 ns,0.96,0 B,NA
Linear_Lookup,DefaultJob,False,Default,Default,Default,Default,Default,Default,0000000000000000,Empty,RyuJit,Default,Arm64,8c5e7fda-e8bf-4a96-9a85-a6e23a8c635c,.NET 10.0,False,True,False,True,Default,Default,False,False,False,Default,Default,Default,Default,Default,Default,Default,Default,Default,Default,Default,Default,Default,Default,Default,Default,Default,16,Default,65536,"51,711.6 ns",178.65 ns,167.11 ns,0.64,0 B,NA
RobinHood_Lookup,DefaultJob,False,Default,Default,Default,Default,Default,Default,0000000000000000,Empty,RyuJit,Default,Arm64,8c5e7fda-e8bf-4a96-9a85-a6e23a8c635c,.NET 10.0,False,True,False,True,Default,Default,False,False,False,Default,Default,Default,Default,Default,Default,Default,Default,Default,Default,Default,Default,Default,Default,Default,Default,Default,16,Default,65536,"50,616.4 ns",235.04 ns,219.85 ns,0.63,0 B,NA
Chained_Lookup,DefaultJob,False,Default,Default,Default,Default,Default,Default,0000000000000000,Empty,RyuJit,Default,Arm64,8c5e7fda-e8bf-4a96-9a85-a6e23a8c635c,.NET 10.0,False,True,False,True,Default,Default,False,False,False,Default,Default,Default,Default,Default,Default,Default,Default,Default,Default,Default,Default,Default,Default,Default,Default,Default,16,Default,65536,"56,141.2 ns",538.58 ns,503.79 ns,0.70,0 B,NA
