Method,Job,AnalyzeLaunchVariance,EvaluateOverhead,MaxAbsoluteError,MaxRelativeError,MinInvokeCount,MinIterationTime,OutlierMode,Affinity,EnvironmentVariables,Jit,LargeAddressAware,Platform,PowerPlanMode,Runtime,AllowVeryLargeObjects,Concurrent,CpuGroups,Force,HeapAffinitizeMask,HeapCount,NoAffinitize,RetainVm,Server,Arguments,BuildConfiguration,Clock,EngineFactory,NuGetReferences,Toolchain,IsMutator,InvocationCount,IterationCount,IterationTime,LaunchCount,MaxIterationCount,MaxWarmupIterationCount,MemoryRandomization,MinIterationCount,MinWarmupIterationCount,RunStrategy,UnrollFactor,WarmupCount,N,Mean,Error,StdDev,Median,Ratio,RatioSD,Gen0,Gen1,Gen2,Allocated,Alloc Ratio
'Dictionary.TryGetValue (hit)',DefaultJob,False,Default,Default,Default,Default,Default,Default,0000000000000000,Empty,RyuJit,Default,Arm64,8c5e7fda-e8bf-4a96-9a85-a6e23a8c635c,.NET 10.0,False,True,False,True,Default,Default,False,False,False,Default,Default,Default,Default,Default,Default,Default,Default,Default,Default,Default,Default,Default,Default,Default,Default,Default,16,Default,16,19.10 ns,0.143 ns,0.127 ns,19.08 ns,1.00,0.01,0.0000,0.0000,0.0000,0 B,NA
'PooledHashMap.TryGetValue (hit)',DefaultJob,False,Default,Default,Default,Default,Default,Default,0000000000000000,Empty,RyuJit,Default,Arm64,8c5e7fda-e8bf-4a96-9a85-a6e23a8c635c,.NET 10.0,False,True,False,True,Default,Default,False,False,False,Default,Default,Default,Default,Default,Default,Default,Default,Default,Default,Default,Default,Default,Default,Default,Default,Default,16,Default,16,18.01 ns,0.099 ns,0.088 ns,17.98 ns,0.94,0.01,0.0000,0.0000,0.0000,0 B,NA
'DenseMap.Get (hit)',DefaultJob,False,Default,Default,Default,Default,Default,Default,0000000000000000,Empty,RyuJit,Default,Arm64,8c5e7fda-e8bf-4a96-9a85-a6e23a8c635c,.NET 10.0,False,True,False,True,Default,Default,False,False,False,Default,Default,Default,Default,Default,Default,Default,Default,Default,Default,Default,Default,Default,Default,Default,Default,Default,16,Default,16,16.60 ns,0.040 ns,0.036 ns,16.59 ns,0.87,0.01,0.0000,0.0000,0.0000,0 B,NA
'Dictionary.TryGetValue (miss)',DefaultJob,False,Default,Default,Default,Default,Default,Default,0000000000000000,Empty,RyuJit,Default,Arm64,8c5e7fda-e8bf-4a96-9a85-a6e23a8c635c,.NET 10.0,False,True,False,True,Default,Default,False,False,False,Default,Default,Default,Default,Default,Default,Default,Default,Default,Default,Default,Default,Default,Default,Default,Default,Default,16,Default,16,17.26 ns,0.081 ns,0.076 ns,17.28 ns,0.90,0.01,0.0000,0.0000,0.0000,0 B,NA
'PooledHashMap.TryGetValue (miss)',DefaultJob,False,Default,Default,Default,Default,Default,Default,0000000000000000,Empty,RyuJit,Default,Arm64,8c5e7fda-e8bf-4a96-9a85-a6e23a8c635c,.NET 10.0,False,True,False,True,Default,Default,False,False,False,Default,Default,Default,Default,Default,Default,Default,Default,Default,Default,Default,Default,Default,Default,Default,Default,Default,16,Default,16,80.89 ns,0.421 ns,0.351 ns,80.84 ns,4.23,0.03,0.0000,0.0000,0.0000,0 B,NA
'DenseMap.Get (miss)',DefaultJob,False,Default,Default,Default,Default,Default,Default,0000000000000000,Empty,RyuJit,Default,Arm64,8c5e7fda-e8bf-4a96-9a85-a6e23a8c635c,.NET 10.0,False,True,False,True,Default,Default,False,False,False,Default,Default,Default,Default,Default,Default,Default,Default,Default,Default,Default,Default,Default,Default,Default,Default,Default,16,Default,16,75.98 ns,0.336 ns,0.280 ns,75.92 ns,3.98,0.03,0.0000,0.0000,0.0000,0 B,NA
Dictionary.ContainsKey,DefaultJob,False,Default,Default,Default,Default,Default,Default,0000000000000000,Empty,RyuJit,Default,Arm64,8c5e7fda-e8bf-4a96-9a85-a6e23a8c635c,.NET 10.0,False,True,False,True,Default,Default,False,False,False,Default,Default,Default,Default,Default,Default,Default,Default,Default,Default,Default,Default,Default,Default,Default,Default,Default,16,Default,16,17.84 ns,0.094 ns,0.079 ns,17.85 ns,0.93,0.01,0.0000,0.0000,0.0000,0 B,NA
PooledHashMap.ContainsKey,DefaultJob,False,Default,Default,Default,Default,Default,Default,0000000000000000,Empty,RyuJit,Default,Arm64,8c5e7fda-e8bf-4a96-9a85-a6e23a8c635c,.NET 10.0,False,True,False,True,Default,Default,False,False,False,Default,Default,Default,Default,Default,Default,Default,Default,Default,Default,Default,Default,Default,Default,Default,Default,Default,16,Default,16,17.81 ns,0.064 ns,0.057 ns,17.82 ns,0.93,0.01,0.0000,0.0000,0.0000,0 B,NA
DenseMap.Contains,DefaultJob,False,Default,Default,Default,Default,Default,Default,0000000000000000,Empty,RyuJit,Default,Arm64,8c5e7fda-e8bf-4a96-9a85-a6e23a8c635c,.NET 10.0,False,True,False,True,Default,Default,False,False,False,Default,Default,Default,Default,Default,Default,Default,Default,Default,Default,Default,Default,Default,Default,Default,Default,Default,16,Default,16,16.16 ns,0.120 ns,0.106 ns,16.12 ns,0.85,0.01,0.0000,0.0000,0.0000,0 B,NA
'Dictionary.Add (from empty)',DefaultJob,False,Default,Default,Default,Default,Default,Default,0000000000000000,Empty,RyuJit,Default,Arm64,8c5e7fda-e8bf-4a96-9a85-a6e23a8c635c,.NET 10.0,False,True,False,True,Default,Default,False,False,False,Default,Default,Default,Default,Default,Default,Default,Default,Default,Default,Default,Default,Default,Default,Default,Default,Default,16,Default,16,46.19 ns,0.298 ns,0.249 ns,46.14 ns,2.42,0.02,0.0468,0.0000,0.0000,392 B,NA
'PooledHashMap.Add (from empty)',DefaultJob,False,Default,Default,Default,Default,Default,Default,0000000000000000,Empty,RyuJit,Default,Arm64,8c5e7fda-e8bf-4a96-9a85-a6e23a8c635c,.NET 10.0,False,True,False,True,Default,Default,False,False,False,Default,Default,Default,Default,Default,Default,Default,Default,Default,Default,Default,Default,Default,Default,Default,Default,Default,16,Default,16,42.24 ns,0.122 ns,0.114 ns,42.25 ns,2.21,0.02,0.0000,0.0000,0.0000,0 B,NA
'DenseMap.Insert (from empty)',DefaultJob,False,Default,Default,Default,Default,Default,Default,0000000000000000,Empty,RyuJit,Default,Arm64,8c5e7fda-e8bf-4a96-9a85-a6e23a8c635c,.NET 10.0,False,True,False,True,Default,Default,False,False,False,Default,Default,Default,Default,Default,Default,Default,Default,Default,Default,Default,Default,Default,Default,Default,Default,Default,16,Default,16,207.61 ns,1.609 ns,1.343 ns,207.52 ns,10.87,0.10,0.0918,0.0002,0.0000,768 B,NA
'Dictionary add/remove churn',DefaultJob,False,Default,Default,Default,Default,Default,Default,0000000000000000,Empty,RyuJit,Default,Arm64,8c5e7fda-e8bf-4a96-9a85-a6e23a8c635c,.NET 10.0,False,True,False,True,Default,Default,False,False,False,Default,Default,Default,Default,Default,Default,Default,Default,Default,Default,Default,Default,Default,Default,Default,Default,Default,16,Default,16,102.94 ns,0.475 ns,0.421 ns,102.98 ns,5.39,0.04,0.0468,0.0000,0.0000,392 B,NA
'PooledHashMap add/remove churn',DefaultJob,False,Default,Default,Default,Default,Default,Default,0000000000000000,Empty,RyuJit,Default,Arm64,8c5e7fda-e8bf-4a96-9a85-a6e23a8c635c,.NET 10.0,False,True,False,True,Default,Default,False,False,False,Default,Default,Default,Default,Default,Default,Default,Default,Default,Default,Default,Default,Default,Default,Default,Default,Default,16,Default,16,201.76 ns,2.165 ns,2.025 ns,200.99 ns,10.56,0.12,0.0000,0.0000,0.0000,0 B,NA
'DenseMap add/remove churn',DefaultJob,False,Default,Default,Default,Default,Default,Default,0000000000000000,Empty,RyuJit,Default,Arm64,8c5e7fda-e8bf-4a96-9a85-a6e23a8c635c,.NET 10.0,False,True,False,True,Default,Default,False,False,False,Default,Default,Default,Default,Default,Default,Default,Default,Default,Default,Default,Default,Default,Default,Default,Default,Default,16,Default,16,333.90 ns,5.708 ns,5.060 ns,331.42 ns,17.48,0.28,0.0916,0.0000,0.0000,768 B,NA
'Dictionary.TryGetValue (hit)',DefaultJob,False,Default,Default,Default,Default,Default,Default,0000000000000000,Empty,RyuJit,Default,Arm64,8c5e7fda-e8bf-4a96-9a85-a6e23a8c635c,.NET 10.0,False,True,False,True,Default,Default,False,False,False,Default,Default,Default,Default,Default,Default,Default,Default,Default,Default,Default,Default,Default,Default,Default,Default,Default,16,Default,256,318.55 ns,2.462 ns,2.183 ns,318.73 ns,1.00,0.01,0.0000,0.0000,0.0000,0 B,NA
'PooledHashMap.TryGetValue (hit)',DefaultJob,False,Default,Default,Default,Default,Default,Default,0000000000000000,Empty,RyuJit,Default,Arm64,8c5e7fda-e8bf-4a96-9a85-a6e23a8c635c,.NET 10.0,False,True,False,True,Default,Default,False,False,False,Default,Default,Default,Default,Default,Default,Default,Default,Default,Default,Default,Default,Default,Default,Default,Default,Default,16,Default,256,301.22 ns,0.763 ns,0.676 ns,301.18 ns,0.95,0.01,0.0000,0.0000,0.0000,0 B,NA
'DenseMap.Get (hit)',DefaultJob,False,Default,Default,Default,Default,Default,Default,0000000000000000,Empty,RyuJit,Default,Arm64,8c5e7fda-e8bf-4a96-9a85-a6e23a8c635c,.NET 10.0,False,True,False,True,Default,Default,False,False,False,Default,Default,Default,Default,Default,Default,Default,Default,Default,Default,Default,Default,Default,Default,Default,Default,Default,16,Default,256,278.85 ns,1.740 ns,1.453 ns,278.40 ns,0.88,0.01,0.0000,0.0000,0.0000,0 B,NA
'Dictionary.TryGetValue (miss)',DefaultJob,False,Default,Default,Default,Default,Default,Default,0000000000000000,Empty,RyuJit,Default,Arm64,8c5e7fda-e8bf-4a96-9a85-a6e23a8c635c,.NET 10.0,False,True,False,True,Default,Default,False,False,False,Default,Default,Default,Default,Default,Default,Default,Default,Default,Default,Default,Default,Default,Default,Default,Default,Default,16,Default,256,280.55 ns,1.539 ns,1.440 ns,280.49 ns,0.88,0.01,0.0000,0.0000,0.0000,0 B,NA
'PooledHashMap.TryGetValue (miss)',DefaultJob,False,Default,Default,Default,Default,Default,Default,0000000000000000,Empty,RyuJit,Default,Arm64,8c5e7fda-e8bf-4a96-9a85-a6e23a8c635c,.NET 10.0,False,True,False,True,Default,Default,False,False,False,Default,Default,Default,Default,Default,Default,Default,Default,Default,Default,Default,Default,Default,Default,Default,Default,Default,16,Default,256,394.06 ns,2.626 ns,2.457 ns,393.47 ns,1.24,0.01,0.0000,0.0000,0.0000,0 B,NA
'DenseMap.Get (miss)',DefaultJob,False,Default,Default,Default,Default,Default,Default,0000000000000000,Empty,RyuJit,Default,Arm64,8c5e7fda-e8bf-4a96-9a85-a6e23a8c635c,.NET 10.0,False,True,False,True,Default,Default,False,False,False,Default,Default,Default,Default,Default,Default,Default,Default,Default,Default,Default,Default,Default,Default,Default,Default,Default,16,Default,256,385.32 ns,3.831 ns,3.396 ns,386.04 ns,1.21,0.01,0.0000,0.0000,0.0000,0 B,NA
Dictionary.ContainsKey,DefaultJob,False,Default,Default,Default,Default,Default,Default,0000000000000000,Empty,RyuJit,Default,Arm64,8c5e7fda-e8bf-4a96-9a85-a6e23a8c635c,.NET 10.0,False,True,False,True,Default,Default,False,False,False,Default,Default,Default,Default,Default,Default,Default,Default,Default,Default,Default,Default,Default,Default,Default,Default,Default,16,Default,256,312.91 ns,1.308 ns,1.223 ns,312.91 ns,0.98,0.01,0.0000,0.0000,0.0000,0 B,NA
PooledHashMap.ContainsKey,DefaultJob,False,Default,Default,Default,Default,Default,Default,0000000000000000,Empty,RyuJit,Default,Arm64,8c5e7fda-e8bf-4a96-9a85-a6e23a8c635c,.NET 10.0,False,True,False,True,Default,Default,False,False,False,Default,Default,Default,Default,Default,Default,Default,Default,Default,Default,Default,Default,Default,Default,Default,Default,Default,16,Default,256,294.68 ns,1.980 ns,1.756 ns,294.16 ns,0.93,0.01,0.0000,0.0000,0.0000,0 B,NA
DenseMap.Contains,DefaultJob,False,Default,Default,Default,Default,Default,Default,0000000000000000,Empty,RyuJit,Default,Arm64,8c5e7fda-e8bf-4a96-9a85-a6e23a8c635c,.NET 10.0,False,True,False,True,Default,Default,False,False,False,Default,Default,Default,Default,Default,Default,Default,Default,Default,Default,Default,Default,Default,Default,Default,Default,Default,16,Default,256,261.78 ns,0.747 ns,0.662 ns,261.79 ns,0.82,0.01,0.0000,0.0000,0.0000,0 B,NA
'Dictionary.Add (from empty)',DefaultJob,False,Default,Default,Default,Default,Default,Default,0000000000000000,Empty,RyuJit,Default,Arm64,8c5e7fda-e8bf-4a96-9a85-a6e23a8c635c,.NET 10.0,False,True,False,True,Default,Default,False,False,False,Default,Default,Default,Default,Default,Default,Default,Default,Default,Default,Default,Default,Default,Default,Default,Default,Default,16,Default,256,648.44 ns,4.562 ns,4.044 ns,647.53 ns,2.04,0.02,0.7067,0.0029,0.0000,5912 B,NA
'PooledHashMap.Add (from empty)',DefaultJob,False,Default,Default,Default,Default,Default,Default,0000000000000000,Empty,RyuJit,Default,Arm64,8c5e7fda-e8bf-4a96-9a85-a6e23a8c635c,.NET 10.0,False,True,False,True,Default,Default,False,False,False,Default,Default,Default,Default,Default,Default,Default,Default,Default,Default,Default,Default,Default,Default,Default,Default,Default,16,Default,256,586.56 ns,1.686 ns,1.494 ns,586.55 ns,1.84,0.01,0.0000,0.0000,0.0000,0 B,NA
'DenseMap.Insert (from empty)',DefaultJob,False,Default,Default,Default,Default,Default,Default,0000000000000000,Empty,RyuJit,Default,Arm64,8c5e7fda-e8bf-4a96-9a85-a6e23a8c635c,.NET 10.0,False,True,False,True,Default,Default,False,False,False,Default,Default,Default,Default,Default,Default,Default,Default,Default,Default,Default,Default,Default,Default,Default,Default,Default,16,Default,256,"1,166.38 ns",8.059 ns,7.538 ns,"1,165.18 ns",3.66,0.03,0.8659,0.0210,0.0000,7248 B,NA
'Dictionary add/remove churn',DefaultJob,False,Default,Default,Default,Default,Default,Default,0000000000000000,Empty,RyuJit,Default,Arm64,8c5e7fda-e8bf-4a96-9a85-a6e23a8c635c,.NET 10.0,False,True,False,True,Default,Default,False,False,False,Default,Default,Default,Default,Default,Default,Default,Default,Default,Default,Default,Default,Default,Default,Default,Default,Default,16,Default,256,"1,593.99 ns",4.788 ns,3.999 ns,"1,592.91 ns",5.00,0.04,0.7057,0.0019,0.0000,5912 B,NA
'PooledHashMap add/remove churn',DefaultJob,False,Default,Default,Default,Default,Default,Default,0000000000000000,Empty,RyuJit,Default,Arm64,8c5e7fda-e8bf-4a96-9a85-a6e23a8c635c,.NET 10.0,False,True,False,True,Default,Default,False,False,False,Default,Default,Default,Default,Default,Default,Default,Default,Default,Default,Default,Default,Default,Default,Default,Default,Default,16,Default,256,"10,614.29 ns",82.263 ns,72.924 ns,"10,625.13 ns",33.32,0.31,0.0000,0.0000,0.0000,0 B,NA
'DenseMap add/remove churn',DefaultJob,False,Default,Default,Default,Default,Default,Default,0000000000000000,Empty,RyuJit,Default,Arm64,8c5e7fda-e8bf-4a96-9a85-a6e23a8c635c,.NET 10.0,False,True,False,True,Default,Default,False,False,False,Default,Default,Default,Default,Default,Default,Default,Default,Default,Default,Default,Default,Default,Default,Default,Default,Default,16,Default,256,"3,410.63 ns",16.924 ns,14.132 ns,"3,412.30 ns",10.71,0.08,0.8659,0.0191,0.0000,7248 B,NA
'Dictionary.TryGetValue (hit)',DefaultJob,False,Default,Default,Default,Default,Default,Default,0000000000000000,Empty,RyuJit,Default,Arm64,8c5e7fda-e8bf-4a96-9a85-a6e23a8c635c,.NET 10.0,False,True,False,True,Default,Default,False,False,False,Default,Default,Default,Default,Default,Default,Default,Default,Default,Default,Default,Default,Default,Default,Default,Default,Default,16,Default,4096,"5,021.23 ns",39.883 ns,35.356 ns,"5,010.97 ns",1.00,0.01,0.0000,0.0000,0.0000,0 B,NA
'PooledHashMap.TryGetValue (hit)',DefaultJob,False,Default,Default,Default,Default,Default,Default,0000000000000000,Empty,RyuJit,Default,Arm64,8c5e7fda-e8bf-4a96-9a85-a6e23a8c635c,.NET 10.0,False,True,False,True,Default,Default,False,False,False,Default,Default,Default,Default,Default,Default,Default,Default,Default,Default,Default,Default,Default,Default,Default,Default,Default,16,Default,4096,"4,779.09 ns",25.230 ns,19.698 ns,"4,778.92 ns",0.95,0.01,0.0000,0.0000,0.0000,0 B,NA
'DenseMap.Get (hit)',DefaultJob,False,Default,Default,Default,Default,Default,Default,0000000000000000,Empty,RyuJit,Default,Arm64,8c5e7fda-e8bf-4a96-9a85-a6e23a8c635c,.NET 10.0,False,True,False,True,Default,Default,False,False,False,Default,Default,Default,Default,Default,Default,Default,Default,Default,Default,Default,Default,Default,Default,Default,Default,Default,16,Default,4096,"4,373.03 ns",19.599 ns,18.333 ns,"4,371.70 ns",0.87,0.01,0.0000,0.0000,0.0000,0 B,NA
'Dictionary.TryGetValue (miss)',DefaultJob,False,Default,Default,Default,Default,Default,Default,0000000000000000,Empty,RyuJit,Default,Arm64,8c5e7fda-e8bf-4a96-9a85-a6e23a8c635c,.NET 10.0,False,True,False,True,Default,Default,False,False,False,Default,Default,Default,Default,Default,Default,Default,Default,Default,Default,Default,Default,Default,Default,Default,Default,Default,16,Default,4096,"4,357.90 ns",21.343 ns,18.920 ns,"4,356.66 ns",0.87,0.01,0.0000,0.0000,0.0000,0 B,NA
'PooledHashMap.TryGetValue (miss)',DefaultJob,False,Default,Default,Default,Default,Default,Default,0000000000000000,Empty,RyuJit,Default,Arm64,8c5e7fda-e8bf-4a96-9a85-a6e23a8c635c,.NET 10.0,False,True,False,True,Default,Default,False,False,False,Default,Default,Default,Default,Default,Default,Default,Default,Default,Default,Default,Default,Default,Default,Default,Default,Default,16,Default,4096,"5,226.52 ns",23.398 ns,20.741 ns,"5,227.36 ns",1.04,0.01,0.0000,0.0000,0.0000,0 B,NA
'DenseMap.Get (miss)',DefaultJob,False,Default,Default,Default,Default,Default,Default,0000000000000000,Empty,RyuJit,Default,Arm64,8c5e7fda-e8bf-4a96-9a85-a6e23a8c635c,.NET 10.0,False,True,False,True,Default,Default,False,False,False,Default,Default,Default,Default,Default,Default,Default,Default,Default,Default,Default,Default,Default,Default,Default,Default,Default,16,Default,4096,"5,200.05 ns",27.545 ns,25.766 ns,"5,192.32 ns",1.04,0.01,0.0000,0.0000,0.0000,0 B,NA
Dictionary.ContainsKey,DefaultJob,False,Default,Default,Default,Default,Default,Default,0000000000000000,Empty,RyuJit,Default,Arm64,8c5e7fda-e8bf-4a96-9a85-a6e23a8c635c,.NET 10.0,False,True,False,True,Default,Default,False,False,False,Default,Default,Default,Default,Default,Default,Default,Default,Default,Default,Default,Default,Default,Default,Default,Default,Default,16,Default,4096,"5,039.48 ns",27.939 ns,26.134 ns,"5,032.82 ns",1.00,0.01,0.0000,0.0000,0.0000,0 B,NA
PooledHashMap.ContainsKey,DefaultJob,False,Default,Default,Default,Default,Default,Default,0000000000000000,Empty,RyuJit,Default,Arm64,8c5e7fda-e8bf-4a96-9a85-a6e23a8c635c,.NET 10.0,False,True,False,True,Default,Default,False,False,False,Default,Default,Default,Default,Default,Default,Default,Default,Default,Default,Default,Default,Default,Default,Default,Default,Default,16,Default,4096,"4,699.77 ns",27.417 ns,22.894 ns,"4,702.12 ns",0.94,0.01,0.0000,0.0000,0.0000,0 B,NA
DenseMap.Contains,DefaultJob,False,Default,Default,Default,Default,Default,Default,0000000000000000,Empty,RyuJit,Default,Arm64,8c5e7fda-e8bf-4a96-9a85-a6e23a8c635c,.NET 10.0,False,True,False,True,Default,Default,False,False,False,Default,Default,Default,Default,Default,Default,Default,Default,Default,Default,Default,Default,Default,Default,Default,Default,Default,16,Default,4096,"4,143.39 ns",16.424 ns,14.560 ns,"4,144.13 ns",0.83,0.01,0.0000,0.0000,0.0000,0 B,NA
'Dictionary.Add (from empty)',DefaultJob,False,Default,Default,Default,Default,Default,Default,0000000000000000,Empty,RyuJit,Default,Arm64,8c5e7fda-e8bf-4a96-9a85-a6e23a8c635c,.NET 10.0,False,True,False,True,Default,Default,False,False,False,Default,Default,Default,Default,Default,Default,Default,Default,Default,Default,Default,Default,Default,Default,Default,Default,Default,16,Default,4096,"8,290.76 ns",40.586 ns,35.979 ns,"8,277.26 ns",1.65,0.01,11.5509,0.4120,0.0000,97272 B,NA
'PooledHashMap.Add (from empty)',DefaultJob,False,Default,Default,Default,Default,Default,Default,0000000000000000,Empty,RyuJit,Default,Arm64,8c5e7fda-e8bf-4a96-9a85-a6e23a8c635c,.NET 10.0,False,True,False,True,Default,Default,False,False,False,Default,Default,Default,Default,Default,Default,Default,Default,Default,Default,Default,Default,Default,Default,Default,Default,Default,16,Default,4096,"9,349.26 ns",53.518 ns,44.690 ns,"9,368.45 ns",1.86,0.02,0.0000,0.0000,0.0000,0 B,NA
'DenseMap.Insert (from empty)',DefaultJob,False,Default,Default,Default,Default,Default,Default,0000000000000000,Empty,RyuJit,Default,Arm64,8c5e7fda-e8bf-4a96-9a85-a6e23a8c635c,.NET 10.0,False,True,False,True,Default,Default,False,False,False,Default,Default,Default,Default,Default,Default,Default,Default,Default,Default,Default,Default,Default,Default,Default,Default,Default,16,Default,4096,"16,038.20 ns",95.363 ns,74.453 ns,"16,059.58 ns",3.19,0.03,13.1531,3.2654,0.0000,110928 B,NA
'Dictionary add/remove churn',DefaultJob,False,Default,Default,Default,Default,Default,Default,0000000000000000,Empty,RyuJit,Default,Arm64,8c5e7fda-e8bf-4a96-9a85-a6e23a8c635c,.NET 10.0,False,True,False,True,Default,Default,False,False,False,Default,Default,Default,Default,Default,Default,Default,Default,Default,Default,Default,Default,Default,Default,Default,Default,Default,16,Default,4096,"24,842.86 ns",220.015 ns,205.802 ns,"24,731.50 ns",4.95,0.05,11.5356,0.3967,0.0000,97272 B,NA
'PooledHashMap add/remove churn',DefaultJob,False,Default,Default,Default,Default,Default,Default,0000000000000000,Empty,RyuJit,Default,Arm64,8c5e7fda-e8bf-4a96-9a85-a6e23a8c635c,.NET 10.0,False,True,False,True,Default,Default,False,False,False,Default,Default,Default,Default,Default,Default,Default,Default,Default,Default,Default,Default,Default,Default,Default,Default,Default,16,Default,4096,"604,702.30 ns","3,722.488 ns","3,108.446 ns","604,843.95 ns",120.43,1.01,0.0000,0.0000,0.0000,0 B,NA
'DenseMap add/remove churn',DefaultJob,False,Default,Default,Default,Default,Default,Default,0000000000000000,Empty,RyuJit,Default,Arm64,8c5e7fda-e8bf-4a96-9a85-a6e23a8c635c,.NET 10.0,False,True,False,True,Default,Default,False,False,False,Default,Default,Default,Default,Default,Default,Default,Default,Default,Default,Default,Default,Default,Default,Default,Default,Default,16,Default,4096,"77,039.48 ns",455.646 ns,403.918 ns,"76,975.60 ns",15.34,0.13,13.0615,3.1738,0.0000,110928 B,NA
'Dictionary.TryGetValue (hit)',DefaultJob,False,Default,Default,Default,Default,Default,Default,0000000000000000,Empty,RyuJit,Default,Arm64,8c5e7fda-e8bf-4a96-9a85-a6e23a8c635c,.NET 10.0,False,True,False,True,Default,Default,False,False,False,Default,Default,Default,Default,Default,Default,Default,Default,Default,Default,Default,Default,Default,Default,Default,Default,Default,16,Default,65536,"81,476.40 ns",518.284 ns,459.445 ns,"81,529.38 ns",1.00,0.01,0.0000,0.0000,0.0000,0 B,NA
'PooledHashMap.TryGetValue (hit)',DefaultJob,False,Default,Default,Default,Default,Default,Default,0000000000000000,Empty,RyuJit,Default,Arm64,8c5e7fda-e8bf-4a96-9a85-a6e23a8c635c,.NET 10.0,False,True,False,True,Default,Default,False,False,False,Default,Default,Default,Default,Default,Default,Default,Default,Default,Default,Default,Default,Default,Default,Default,Default,Default,16,Default,65536,"77,197.21 ns",227.277 ns,212.595 ns,"77,198.59 ns",0.95,0.01,0.0000,0.0000,0.0000,0 B,NA
'DenseMap.Get (hit)',DefaultJob,False,Default,Default,Default,Default,Default,Default,0000000000000000,Empty,RyuJit,Default,Arm64,8c5e7fda-e8bf-4a96-9a85-a6e23a8c635c,.NET 10.0,False,True,False,True,Default,Default,False,False,False,Default,Default,Default,Default,Default,Default,Default,Default,Default,Default,Default,Default,Default,Default,Default,Default,Default,16,Default,65536,"71,073.44 ns",229.062 ns,191.277 ns,"71,027.73 ns",0.87,0.01,0.0000,0.0000,0.0000,0 B,NA
'Dictionary.TryGetValue (miss)',DefaultJob,False,Default,Default,Default,Default,Default,Default,0000000000000000,Empty,RyuJit,Default,Arm64,8c5e7fda-e8bf-4a96-9a85-a6e23a8c635c,.NET 10.0,False,True,False,True,Default,Default,False,False,False,Default,Default,Default,Default,Default,Default,Default,Default,Default,Default,Default,Default,Default,Default,Default,Default,Default,16,Default,65536,"70,944.80 ns",391.559 ns,347.107 ns,"70,946.69 ns",0.87,0.01,0.0000,0.0000,0.0000,0 B,NA
'PooledHashMap.TryGetValue (miss)',DefaultJob,False,Default,Default,Default,Default,Default,Default,0000000000000000,Empty,RyuJit,Default,Arm64,8c5e7fda-e8bf-4a96-9a85-a6e23a8c635c,.NET 10.0,False,True,False,True,Default,Default,False,False,False,Default,Default,Default,Default,Default,Default,Default,Default,Default,Default,Default,Default,Default,Default,Default,Default,Default,16,Default,65536,"80,737.28 ns",189.422 ns,158.176 ns,"80,693.69 ns",0.99,0.01,0.0000,0.0000,0.0000,0 B,NA
'DenseMap.Get (miss)',DefaultJob,False,Default,Default,Default,Default,Default,Default,0000000000000000,Empty,RyuJit,Default,Arm64,8c5e7fda-e8bf-4a96-9a85-a6e23a8c635c,.NET 10.0,False,True,False,True,Default,Default,False,False,False,Default,Default,Default,Default,Default,Default,Default,Default,Default,Default,Default,Default,Default,Default,Default,Default,Default,16,Default,65536,"80,483.60 ns",394.336 ns,349.568 ns,"80,384.15 ns",0.99,0.01,0.0000,0.0000,0.0000,0 B,NA
Dictionary.ContainsKey,DefaultJob,False,Default,Default,Default,Default,Default,Default,0000000000000000,Empty,RyuJit,Default,Arm64,8c5e7fda-e8bf-4a96-9a85-a6e23a8c635c,.NET 10.0,False,True,False,True,Default,Default,False,False,False,Default,Default,Default,Default,Default,Default,Default,Default,Default,Default,Default,Default,Default,Default,Default,Default,Default,16,Default,65536,"79,641.40 ns",861.986 ns,806.302 ns,"79,392.43 ns",0.98,0.01,0.0000,0.0000,0.0000,0 B,NA
PooledHashMap.ContainsKey,DefaultJob,False,Default,Default,Default,Default,Default,Default,0000000000000000,Empty,RyuJit,Default,Arm64,8c5e7fda-e8bf-4a96-9a85-a6e23a8c635c,.NET 10.0,False,True,False,True,Default,Default,False,False,False,Default,Default,Default,Default,Default,Default,Default,Default,Default,Default,Default,Default,Default,Default,Default,Default,Default,16,Default,65536,"76,680.66 ns",459.761 ns,407.566 ns,"76,792.30 ns",0.94,0.01,0.0000,0.0000,0.0000,0 B,NA
DenseMap.Contains,DefaultJob,False,Default,Default,Default,Default,Default,Default,0000000000000000,Empty,RyuJit,Default,Arm64,8c5e7fda-e8bf-4a96-9a85-a6e23a8c635c,.NET 10.0,False,True,False,True,Default,Default,False,False,False,Default,Default,Default,Default,Default,Default,Default,Default,Default,Default,Default,Default,Default,Default,Default,Default,Default,16,Default,65536,"67,166.06 ns",212.494 ns,188.370 ns,"67,148.17 ns",0.82,0.01,0.0000,0.0000,0.0000,0 B,NA
'Dictionary.Add (from empty)',DefaultJob,False,Default,Default,Default,Default,Default,Default,0000000000000000,Empty,RyuJit,Default,Arm64,8c5e7fda-e8bf-4a96-9a85-a6e23a8c635c,.NET 10.0,False,True,False,True,Default,Default,False,False,False,Default,Default,Default,Default,Default,Default,Default,Default,Default,Default,Default,Default,Default,Default,Default,Default,Default,16,Default,65536,"184,502.51 ns","3,518.128 ns","7,343.644 ns","181,255.40 ns",2.26,0.09,249.2676,249.0234,249.0234,1508827 B,NA
'PooledHashMap.Add (from empty)',DefaultJob,False,Default,Default,Default,Default,Default,Default,0000000000000000,Empty,RyuJit,Default,Arm64,8c5e7fda-e8bf-4a96-9a85-a6e23a8c635c,.NET 10.0,False,True,False,True,Default,Default,False,False,False,Default,Default,Default,Default,Default,Default,Default,Default,Default,Default,Default,Default,Default,Default,Default,Default,Default,16,Default,65536,"153,148.80 ns",876.145 ns,819.546 ns,"153,058.94 ns",1.88,0.01,0.0000,0.0000,0.0000,0 B,NA
'DenseMap.Insert (from empty)',DefaultJob,False,Default,Default,Default,Default,Default,Default,0000000000000000,Empty,RyuJit,Default,Arm64,8c5e7fda-e8bf-4a96-9a85-a6e23a8c635c,.NET 10.0,False,True,False,True,Default,Default,False,False,False,Default,Default,Default,Default,Default,Default,Default,Default,Default,Default,Default,Default,Default,Default,Default,Default,Default,16,Default,65536,"306,107.61 ns","6,028.423 ns","6,942.341 ns","304,664.81 ns",3.76,0.09,222.1680,213.8672,213.8672,1769964 B,NA
'Dictionary add/remove churn',DefaultJob,False,Default,Default,Default,Default,Default,Default,0000000000000000,Empty,RyuJit,Default,Arm64,8c5e7fda-e8bf-4a96-9a85-a6e23a8c635c,.NET 10.0,False,True,False,True,Default,Default,False,False,False,Default,Default,Default,Default,Default,Default,Default,Default,Default,Default,Default,Default,Default,Default,Default,Default,Default,16,Default,65536,"451,792.68 ns","2,349.066 ns","1,961.576 ns","451,720.09 ns",5.55,0.04,248.5352,248.5352,248.5352,1508827 B,NA
'PooledHashMap add/remove churn',DefaultJob,False,Default,Default,Default,Default,Default,Default,0000000000000000,Empty,RyuJit,Default,Arm64,8c5e7fda-e8bf-4a96-9a85-a6e23a8c635c,.NET 10.0,False,True,False,True,Default,Default,False,False,False,Default,Default,Default,Default,Default,Default,Default,Default,Default,Default,Default,Default,Default,Default,Default,Default,Default,16,Default,65536,"35,231,303.97 ns","632,452.916 ns","560,653.036 ns","35,013,836.10 ns",432.42,7.05,0.0000,0.0000,0.0000,0 B,NA
'DenseMap add/remove churn',DefaultJob,False,Default,Default,Default,Default,Default,Default,0000000000000000,Empty,RyuJit,Default,Arm64,8c5e7fda-e8bf-4a96-9a85-a6e23a8c635c,.NET 10.0,False,True,False,True,Default,Default,False,False,False,Default,Default,Default,Default,Default,Default,Default,Default,Default,Default,Default,Default,Default,Default,Default,Default,Default,16,Default,65536,"3,852,109.34 ns","73,739.254 ns","72,421.807 ns","3,819,497.31 ns",47.28,0.90,308.5938,300.7813,300.7813,1770001 B,NA
